9;Opinbert viðmiðunargengi SÍ;4064;;Evra;Evra, skráð miðgengi.;1/2/2024 12:00:00 AM;150.700000
9;Opinbert viðmiðunargengi SÍ;4064;;Evra;Evra, skráð miðgengi.;1/3/2024 12:00:00 AM;150.700000
9;Opinbert viðmiðunargengi SÍ;4064;;Evra;Evra, skráð miðgengi.;1/4/2024 12:00:00 AM;150.500000
9;Opinbert viðmiðunargengi SÍ;4064;;Evra;Evra, skráð miðgengi.;1/5/2024 12:00:00 AM;150.500000
9;Opinbert viðmiðunargengi SÍ;4064;;Evra;Evra, skráð miðgengi.;1/8/2024 12:00:00 AM;150.700000
9;Opinbert viðmiðunargengi SÍ;4064;;Evra;Evra, skráð miðgengi.;1/9/2024 12:00:00 AM;150.500000
9;Opinbert viðmiðunargengi SÍ;4064;;Evra;Evra, skráð miðgengi.;1/10/2024 12:00:00 AM;150.100000
9;Opinbert viðmiðunargengi SÍ;4064;;Evra;Evra, skráð miðgengi.;1/11/2024 12:00:00 AM;150.100000
9;Opinbert viðmiðunargengi SÍ;4064;;Evra;Evra, skráð miðgengi.;1/12/2024 12:00:00 AM;150.100000
9;Opinbert viðmiðunargengi SÍ;4064;;Evra;Evra, skráð miðgengi.;1/15/2024 12:00:00 AM;149.700000
9;Opinbert viðmiðunargengi SÍ;4064;;Evra;Evra, skráð miðgengi.;1/16/2024 12:00:00 AM;149.300000
9;Opinbert viðmiðunargengi SÍ;4064;;Evra;Evra, skráð miðgengi.;1/17/2024 12:00:00 AM;149.500000
9;Opinbert viðmiðunargengi SÍ;4064;;Evra;Evra, skráð miðgengi.;1/18/2024 12:00:00 AM;149.500000
9;Opinbert viðmiðunargengi SÍ;4064;;Evra;Evra, skráð miðgengi.;1/19/2024 12:00:00 AM;148.900000
9;Opinbert viðmiðunargengi SÍ;4064;;Evra;Evra, skráð miðgengi.;1/22/2024 12:00:00 AM;148.700000
9;Opinbert viðmiðunargengi SÍ;4064;;Evra;Evra, skráð miðgengi.;1/23/2024 12:00:00 AM;148.700000
9;Opinbert viðmiðunargengi SÍ;4064;;Evra;Evra, skráð miðgengi.;1/24/2024 12:00:00 AM;147.900000
9;Opinbert viðmiðunargengi SÍ;4064;;Evra;Evra, skráð miðgengi.;1/25/2024 12:00:00 AM;148.100000
9;Opinbert viðmiðunargengi SÍ;4064;;Evra;Evra, skráð miðgengi.;1/26/2024 12:00:00 AM;148.500000
9;Opinbert viðmiðunargengi SÍ;4064;;Evra;Evra, skráð miðgengi.;1/29/2024 12:00:00 AM;148.500000
9;Opinbert viðmiðunargengi SÍ;4064;;Evra;Evra, skráð miðgengi.;1/30/2024 12:00:00 AM;148.300000
9;Opinbert viðmiðunargengi SÍ;4064;;Evra;Evra, skráð miðgengi.;1/31/2024 12:00:00 AM;148.300000
9;Opinbert viðmiðunargengi SÍ;4064;;Evra;Evra, skráð miðgengi.;2/1/2024 12:00:00 AM;148.300000
9;Opinbert viðmiðunargengi SÍ;4064;;Evra;Evra, skráð miðgengi.;2/2/2024 12:00:00 AM;148.300000
9;Opinbert viðmiðunargengi SÍ;4064;;Evra;Evra, skráð miðgengi.;2/5/2024 12:00:00 AM;148.100000
9;Opinbert viðmiðunargengi SÍ;4064;;Evra;Evra, skráð miðgengi.;2/6/2024 12:00:00 AM;148.100000
9;Opinbert viðmiðunargengi SÍ;4064;;Evra;Evra, skráð miðgengi.;2/7/2024 12:00:00 AM;148.300000
9;Opinbert viðmiðunargengi SÍ;4064;;Evra;Evra, skráð miðgengi.;2/8/2024 12:00:00 AM;149.500000
9;Opinbert viðmiðunargengi SÍ;4064;;Evra;Evra, skráð miðgengi.;2/9/2024 12:00:00 AM;148.100000
9;Opinbert viðmiðunargengi SÍ;4064;;Evra;Evra, skráð miðgengi.;2/12/2024 12:00:00 AM;148.300000
9;Opinbert viðmiðunargengi SÍ;4064;;Evra;Evra, skráð miðgengi.;2/13/2024 12:00:00 AM;148.700000
9;Opinbert viðmiðunargengi SÍ;4064;;Evra;Evra, skráð miðgengi.;2/14/2024 12:00:00 AM;148.700000
9;Opinbert viðmiðunargengi SÍ;4064;;Evra;Evra, skráð miðgengi.;2/15/2024 12:00:00 AM;148.700000
9;Opinbert viðmiðunargengi SÍ;4064;;Evra;Evra, skráð miðgengi.;2/16/2024 12:00:00 AM;149.100000
9;Opinbert viðmiðunargengi SÍ;4064;;Evra;Evra, skráð miðgengi.;2/19/2024 12:00:00 AM;148.700000
9;Opinbert viðmiðunargengi SÍ;4064;;Evra;Evra, skráð miðgengi.;2/20/2024 12:00:00 AM;148.300000
9;Opinbert viðmiðunargengi SÍ;4064;;Evra;Evra, skráð miðgengi.;2/21/2024 12:00:00 AM;148.900000
9;Opinbert viðmiðunargengi SÍ;4064;;Evra;Evra, skráð miðgengi.;2/22/2024 12:00:00 AM;148.900000
9;Opinbert viðmiðunargengi SÍ;4064;;Evra;Evra, skráð miðgengi.;2/23/2024 12:00:00 AM;148.500000
9;Opinbert viðmiðunargengi SÍ;4064;;Evra;Evra, skráð miðgengi.;2/26/2024 12:00:00 AM;149.300000
9;Opinbert viðmiðunargengi SÍ;4064;;Evra;Evra, skráð miðgengi.;2/27/2024 12:00:00 AM;149.300000
9;Opinbert viðmiðunargengi SÍ;4064;;Evra;Evra, skráð miðgengi.;2/28/2024 12:00:00 AM;149.300000
9;Opinbert viðmiðunargengi SÍ;4064;;Evra;Evra, skráð miðgengi.;2/29/2024 12:00:00 AM;149.300000
9;Opinbert viðmiðunargengi SÍ;4064;;Evra;Evra, skráð miðgengi.;3/1/2024 12:00:00 AM;149.500000
9;Opinbert viðmiðunargengi SÍ;4064;;Evra;Evra, skráð miðgengi.;3/4/2024 12:00:00 AM;149.500000
9;Opinbert viðmiðunargengi SÍ;4064;;Evra;Evra, skráð miðgengi.;3/5/2024 12:00:00 AM;149.100000
9;Opinbert viðmiðunargengi SÍ;4064;;Evra;Evra, skráð miðgengi.;3/6/2024 12:00:00 AM;148.900000
9;Opinbert viðmiðunargengi SÍ;4064;;Evra;Evra, skráð miðgengi.;3/7/2024 12:00:00 AM;148.500000
9;Opinbert viðmiðunargengi SÍ;4064;;Evra;Evra, skráð miðgengi.;3/8/2024 12:00:00 AM;149.300000
9;Opinbert viðmiðunargengi SÍ;4064;;Evra;Evra, skráð miðgengi.;3/11/2024 12:00:00 AM;148.900000
9;Opinbert viðmiðunargengi SÍ;4064;;Evra;Evra, skráð miðgengi.;3/12/2024 12:00:00 AM;148.700000
9;Opinbert viðmiðunargengi SÍ;4064;;Evra;Evra, skráð miðgengi.;3/13/2024 12:00:00 AM;148.500000
9;Opinbert viðmiðunargengi SÍ;4064;;Evra;Evra, skráð miðgengi.;3/14/2024 12:00:00 AM;148.500000
9;Opinbert viðmiðunargengi SÍ;4064;;Evra;Evra, skráð miðgengi.;3/15/2024 12:00:00 AM;149.100000
9;Opinbert viðmiðunargengi SÍ;4064;;Evra;Evra, skráð miðgengi.;3/18/2024 12:00:00 AM;148.900000
9;Opinbert viðmiðunargengi SÍ;4064;;Evra;Evra, skráð miðgengi.;3/19/2024 12:00:00 AM;148.900000
9;Opinbert viðmiðunargengi SÍ;4064;;Evra;Evra, skráð miðgengi.;3/20/2024 12:00:00 AM;148.500000
9;Opinbert viðmiðunargengi SÍ;4064;;Evra;Evra, skráð miðgengi.;3/21/2024 12:00:00 AM;148.700000
9;Opinbert viðmiðunargengi SÍ;4064;;Evra;Evra, skráð miðgengi.;3/22/2024 12:00:00 AM;148.900000
9;Opinbert viðmiðunargengi SÍ;4064;;Evra;Evra, skráð miðgengi.;3/25/2024 12:00:00 AM;149.100000
9;Opinbert viðmiðunargengi SÍ;4064;;Evra;Evra, skráð miðgengi.;3/26/2024 12:00:00 AM;149.300000
9;Opinbert viðmiðunargengi SÍ;4064;;Evra;Evra, skráð miðgengi.;3/27/2024 12:00:00 AM;149.900000
9;Opinbert viðmiðunargengi SÍ;4064;;Evra;Evra, skráð miðgengi.;4/2/2024 12:00:00 AM;150.100000
9;Opinbert viðmiðunargengi SÍ;4064;;Evra;Evra, skráð miðgengi.;4/3/2024 12:00:00 AM;150.100000
9;Opinbert viðmiðunargengi SÍ;4064;;Evra;Evra, skráð miðgengi.;4/4/2024 12:00:00 AM;150.500000
9;Opinbert viðmiðunargengi SÍ;4064;;Evra;Evra, skráð miðgengi.;4/5/2024 12:00:00 AM;150.300000
9;Opinbert viðmiðunargengi SÍ;4064;;Evra;Evra, skráð miðgengi.;4/8/2024 12:00:00 AM;150.300000
9;Opinbert viðmiðunargengi SÍ;4064;;Evra;Evra, skráð miðgengi.;4/9/2024 12:00:00 AM;150.300000
9;Opinbert viðmiðunargengi SÍ;4064;;Evra;Evra, skráð miðgengi.;4/10/2024 12:00:00 AM;150.700000
9;Opinbert viðmiðunargengi SÍ;4064;;Evra;Evra, skráð miðgengi.;4/11/2024 12:00:00 AM;150.300000
9;Opinbert viðmiðunargengi SÍ;4064;;Evra;Evra, skráð miðgengi.;4/12/2024 12:00:00 AM;150.500000
9;Opinbert viðmiðunargengi SÍ;4064;;Evra;Evra, skráð miðgengi.;4/15/2024 12:00:00 AM;150.700000
9;Opinbert viðmiðunargengi SÍ;4064;;Evra;Evra, skráð miðgengi.;4/16/2024 12:00:00 AM;150.700000
9;Opinbert viðmiðunargengi SÍ;4064;;Evra;Evra, skráð miðgengi.;4/17/2024 12:00:00 AM;150.500000
9;Opinbert viðmiðunargengi SÍ;4064;;Evra;Evra, skráð miðgengi.;4/18/2024 12:00:00 AM;150.300000
9;Opinbert viðmiðunargengi SÍ;4064;;Evra;Evra, skráð miðgengi.;4/19/2024 12:00:00 AM;150.300000
9;Opinbert viðmiðunargengi SÍ;4064;;Evra;Evra, skráð miðgengi.;4/22/2024 12:00:00 AM;150.300000
9;Opinbert viðmiðunargengi SÍ;4064;;Evra;Evra, skráð miðgengi.;4/23/2024 12:00:00 AM;150.300000
9;Opinbert viðmiðunargengi SÍ;4064;;Evra;Evra, skráð miðgengi.;4/24/2024 12:00:00 AM;150.300000
9;Opinbert viðmiðunargengi SÍ;4064;;Evra;Evra, skráð miðgengi.;4/26/2024 12:00:00 AM;150.300000
9;Opinbert viðmiðunargengi SÍ;4064;;Evra;Evra, skráð miðgengi.;4/29/2024 12:00:00 AM;150.300000
9;Opinbert viðmiðunargengi SÍ;4064;;Evra;Evra, skráð miðgengi.;4/30/2024 12:00:00 AM;150.300000
9;Opinbert viðmiðunargengi SÍ;4064;;Evra;Evra, skráð miðgengi.;5/2/2024 12:00:00 AM;150.100000
9;Opinbert viðmiðunargengi SÍ;4064;;Evra;Evra, skráð miðgengi.;5/3/2024 12:00:00 AM;150.300000
9;Opinbert viðmiðunargengi SÍ;4064;;Evra;Evra, skráð miðgengi.;5/6/2024 12:00:00 AM;150.300000
9;Opinbert viðmiðunargengi SÍ;4064;;Evra;Evra, skráð miðgengi.;5/7/2024 12:00:00 AM;150.300000
9;Opinbert viðmiðunargengi SÍ;4064;;Evra;Evra, skráð miðgengi.;5/8/2024 12:00:00 AM;150.100000
9;Opinbert viðmiðunargengi SÍ;4064;;Evra;Evra, skráð miðgengi.;5/10/2024 12:00:00 AM;150.300000
9;Opinbert viðmiðunargengi SÍ;4064;;Evra;Evra, skráð miðgengi.;5/13/2024 12:00:00 AM;150.300000
9;Opinbert viðmiðunargengi SÍ;4064;;Evra;Evra, skráð miðgengi.;5/14/2024 12:00:00 AM;150.500000
9;Opinbert viðmiðunargengi SÍ;4064;;Evra;Evra, skráð miðgengi.;5/15/2024 12:00:00 AM;150.300000
9;Opinbert viðmiðunargengi SÍ;4064;;Evra;Evra, skráð miðgengi.;5/16/2024 12:00:00 AM;150.300000
9;Opinbert viðmiðunargengi SÍ;4064;;Evra;Evra, skráð miðgengi.;5/17/2024 12:00:00 AM;150.300000
9;Opinbert viðmiðunargengi SÍ;4064;;Evra;Evra, skráð miðgengi.;5/21/2024 12:00:00 AM;150.100000
9;Opinbert viðmiðunargengi SÍ;4064;;Evra;Evra, skráð miðgengi.;5/22/2024 12:00:00 AM;150.100000
9;Opinbert viðmiðunargengi SÍ;4064;;Evra;Evra, skráð miðgengi.;5/23/2024 12:00:00 AM;150.070000
9;Opinbert viðmiðunargengi SÍ;4064;;Evra;Evra, skráð miðgengi.;5/24/2024 12:00:00 AM;149.900000
9;Opinbert viðmiðunargengi SÍ;4064;;Evra;Evra, skráð miðgengi.;5/27/2024 12:00:00 AM;149.700000
9;Opinbert viðmiðunargengi SÍ;4064;;Evra;Evra, skráð miðgengi.;5/28/2024 12:00:00 AM;149.300000
9;Opinbert viðmiðunargengi SÍ;4064;;Evra;Evra, skráð miðgengi.;5/29/2024 12:00:00 AM;149.100000
9;Opinbert viðmiðunargengi SÍ;4064;;Evra;Evra, skráð miðgengi.;5/30/2024 12:00:00 AM;148.900000
9;Opinbert viðmiðunargengi SÍ;4064;;Evra;Evra, skráð miðgengi.;5/31/2024 12:00:00 AM;149.100000
9;Opinbert viðmiðunargengi SÍ;4064;;Evra;Evra, skráð miðgengi.;6/3/2024 12:00:00 AM;149.500000
9;Opinbert viðmiðunargengi SÍ;4064;;Evra;Evra, skráð miðgengi.;6/4/2024 12:00:00 AM;149.900000
9;Opinbert viðmiðunargengi SÍ;4064;;Evra;Evra, skráð miðgengi.;6/5/2024 12:00:00 AM;149.500000
9;Opinbert viðmiðunargengi SÍ;4064;;Evra;Evra, skráð miðgengi.;6/6/2024 12:00:00 AM;149.700000
9;Opinbert viðmiðunargengi SÍ;4064;;Evra;Evra, skráð miðgengi.;6/7/2024 12:00:00 AM;149.900000
9;Opinbert viðmiðunargengi SÍ;4064;;Evra;Evra, skráð miðgengi.;6/10/2024 12:00:00 AM;149.700000
9;Opinbert viðmiðunargengi SÍ;4064;;Evra;Evra, skráð miðgengi.;6/11/2024 12:00:00 AM;149.500000
9;Opinbert viðmiðunargengi SÍ;4064;;Evra;Evra, skráð miðgengi.;6/12/2024 12:00:00 AM;149.500000
9;Opinbert viðmiðunargengi SÍ;4064;;Evra;Evra, skráð miðgengi.;6/13/2024 12:00:00 AM;149.300000
9;Opinbert viðmiðunargengi SÍ;4064;;Evra;Evra, skráð miðgengi.;6/14/2024 12:00:00 AM;149.100000
9;Opinbert viðmiðunargengi SÍ;4064;;Evra;Evra, skráð miðgengi.;6/18/2024 12:00:00 AM;149.300000
9;Opinbert viðmiðunargengi SÍ;4064;;Evra;Evra, skráð miðgengi.;6/19/2024 12:00:00 AM;149.300000
9;Opinbert viðmiðunargengi SÍ;4064;;Evra;Evra, skráð miðgengi.;6/20/2024 12:00:00 AM;149.100000
9;Opinbert viðmiðunargengi SÍ;4064;;Evra;Evra, skráð miðgengi.;6/21/2024 12:00:00 AM;149.100000
9;Opinbert viðmiðunargengi SÍ;4064;;Evra;Evra, skráð miðgengi.;6/24/2024 12:00:00 AM;149.100000
9;Opinbert viðmiðunargengi SÍ;4064;;Evra;Evra, skráð miðgengi.;6/25/2024 12:00:00 AM;149.100000
9;Opinbert viðmiðunargengi SÍ;4064;;Evra;Evra, skráð miðgengi.;6/26/2024 12:00:00 AM;149.100000
9;Opinbert viðmiðunargengi SÍ;4064;;Evra;Evra, skráð miðgengi.;6/27/2024 12:00:00 AM;148.900000
9;Opinbert viðmiðunargengi SÍ;4064;;Evra;Evra, skráð miðgengi.;6/28/2024 12:00:00 AM;148.900000
9;Opinbert viðmiðunargengi SÍ;4064;;Evra;Evra, skráð miðgengi.;7/1/2024 12:00:00 AM;148.900000
9;Opinbert viðmiðunargengi SÍ;4064;;Evra;Evra, skráð miðgengi.;7/2/2024 12:00:00 AM;149.300000
9;Opinbert viðmiðunargengi SÍ;4064;;Evra;Evra, skráð miðgengi.;7/3/2024 12:00:00 AM;149.100000
9;Opinbert viðmiðunargengi SÍ;4064;;Evra;Evra, skráð miðgengi.;7/4/2024 12:00:00 AM;149.100000
9;Opinbert viðmiðunargengi SÍ;4064;;Evra;Evra, skráð miðgengi.;7/5/2024 12:00:00 AM;149.300000
9;Opinbert viðmiðunargengi SÍ;4064;;Evra;Evra, skráð miðgengi.;7/8/2024 12:00:00 AM;149.300000
9;Opinbert viðmiðunargengi SÍ;4064;;Evra;Evra, skráð miðgengi.;7/9/2024 12:00:00 AM;149.100000
9;Opinbert viðmiðunargengi SÍ;4064;;Evra;Evra, skráð miðgengi.;7/10/2024 12:00:00 AM;149.100000
9;Opinbert viðmiðunargengi SÍ;4064;;Evra;Evra, skráð miðgengi.;7/11/2024 12:00:00 AM;149.300000
9;Opinbert viðmiðunargengi SÍ;4064;;Evra;Evra, skráð miðgengi.;7/12/2024 12:00:00 AM;149.300000
9;Opinbert viðmiðunargengi SÍ;4064;;Evra;Evra, skráð miðgengi.;7/15/2024 12:00:00 AM;149.300000
9;Opinbert viðmiðunargengi SÍ;4064;;Evra;Evra, skráð miðgengi.;7/16/2024 12:00:00 AM;149.300000
9;Opinbert viðmiðunargengi SÍ;4064;;Evra;Evra, skráð miðgengi.;7/17/2024 12:00:00 AM;149.300000
9;Opinbert viðmiðunargengi SÍ;4064;;Evra;Evra, skráð miðgengi.;7/18/2024 12:00:00 AM;149.500000
9;Opinbert viðmiðunargengi SÍ;4064;;Evra;Evra, skráð miðgengi.;7/19/2024 12:00:00 AM;149.700000
9;Opinbert viðmiðunargengi SÍ;4064;;Evra;Evra, skráð miðgengi.;7/22/2024 12:00:00 AM;150.100000
9;Opinbert viðmiðunargengi SÍ;4064;;Evra;Evra, skráð miðgengi.;7/23/2024 12:00:00 AM;149.700000
9;Opinbert viðmiðunargengi SÍ;4064;;Evra;Evra, skráð miðgengi.;7/24/2024 12:00:00 AM;149.700000
9;Opinbert viðmiðunargengi SÍ;4064;;Evra;Evra, skráð miðgengi.;7/25/2024 12:00:00 AM;149.500000
9;Opinbert viðmiðunargengi SÍ;4064;;Evra;Evra, skráð miðgengi.;7/26/2024 12:00:00 AM;149.900000
9;Opinbert viðmiðunargengi SÍ;4064;;Evra;Evra, skráð miðgengi.;7/29/2024 12:00:00 AM;149.900000
9;Opinbert viðmiðunargengi SÍ;4064;;Evra;Evra, skráð miðgengi.;7/30/2024 12:00:00 AM;149.500000
9;Opinbert viðmiðunargengi SÍ;4064;;Evra;Evra, skráð miðgengi.;7/31/2024 12:00:00 AM;149.900000
9;Opinbert viðmiðunargengi SÍ;4064;;Evra;Evra, skráð miðgengi.;8/1/2024 12:00:00 AM;149.900000
9;Opinbert viðmiðunargengi SÍ;4064;;Evra;Evra, skráð miðgengi.;8/2/2024 12:00:00 AM;150.500000
9;Opinbert viðmiðunargengi SÍ;4064;;Evra;Evra, skráð miðgengi.;8/6/2024 12:00:00 AM;150.700000
9;Opinbert viðmiðunargengi SÍ;4064;;Evra;Evra, skráð miðgengi.;8/7/2024 12:00:00 AM;150.900000
9;Opinbert viðmiðunargengi SÍ;4064;;Evra;Evra, skráð miðgengi.;8/8/2024 12:00:00 AM;151.100000
9;Opinbert viðmiðunargengi SÍ;4064;;Evra;Evra, skráð miðgengi.;8/9/2024 12:00:00 AM;151.100000
9;Opinbert viðmiðunargengi SÍ;4064;;Evra;Evra, skráð miðgengi.;8/12/2024 12:00:00 AM;151.100000
9;Opinbert viðmiðunargengi SÍ;4064;;Evra;Evra, skráð miðgengi.;8/13/2024 12:00:00 AM;151.100000
9;Opinbert viðmiðunargengi SÍ;4064;;Evra;Evra, skráð miðgengi.;8/14/2024 12:00:00 AM;152.100000
9;Opinbert viðmiðunargengi SÍ;4064;;Evra;Evra, skráð miðgengi.;8/15/2024 12:00:00 AM;152.100000
9;Opinbert viðmiðunargengi SÍ;4064;;Evra;Evra, skráð miðgengi.;8/16/2024 12:00:00 AM;152.900000
9;Opinbert viðmiðunargengi SÍ;4064;;Evra;Evra, skráð miðgengi.;8/19/2024 12:00:00 AM;151.900000
9;Opinbert viðmiðunargengi SÍ;4064;;Evra;Evra, skráð miðgengi.;8/20/2024 12:00:00 AM;152.100000
9;Opinbert viðmiðunargengi SÍ;4064;;Evra;Evra, skráð miðgengi.;8/21/2024 12:00:00 AM;152.700000
9;Opinbert viðmiðunargengi SÍ;4064;;Evra;Evra, skráð miðgengi.;8/22/2024 12:00:00 AM;152.300000
9;Opinbert viðmiðunargengi SÍ;4064;;Evra;Evra, skráð miðgengi.;8/23/2024 12:00:00 AM;152.300000
9;Opinbert viðmiðunargengi SÍ;4064;;Evra;Evra, skráð miðgengi.;8/26/2024 12:00:00 AM;153.100000
9;Opinbert viðmiðunargengi SÍ;4064;;Evra;Evra, skráð miðgengi.;8/27/2024 12:00:00 AM;153.100000
9;Opinbert viðmiðunargengi SÍ;4064;;Evra;Evra, skráð miðgengi.;8/28/2024 12:00:00 AM;153.100000
9;Opinbert viðmiðunargengi SÍ;4064;;Evra;Evra, skráð miðgengi.;8/29/2024 12:00:00 AM;152.900000
9;Opinbert viðmiðunargengi SÍ;4064;;Evra;Evra, skráð miðgengi.;8/30/2024 12:00:00 AM;152.900000
9;Opinbert viðmiðunargengi SÍ;4064;;Evra;Evra, skráð miðgengi.;9/2/2024 12:00:00 AM;153.100000
9;Opinbert viðmiðunargengi SÍ;4064;;Evra;Evra, skráð miðgengi.;9/3/2024 12:00:00 AM;153.500000
9;Opinbert viðmiðunargengi SÍ;4064;;Evra;Evra, skráð miðgengi.;9/4/2024 12:00:00 AM;153.500000
9;Opinbert viðmiðunargengi SÍ;4064;;Evra;Evra, skráð miðgengi.;9/5/2024 12:00:00 AM;153.500000
9;Opinbert viðmiðunargengi SÍ;4064;;Evra;Evra, skráð miðgengi.;9/6/2024 12:00:00 AM;153.300000
9;Opinbert viðmiðunargengi SÍ;4064;;Evra;Evra, skráð miðgengi.;9/9/2024 12:00:00 AM;152.300000
9;Opinbert viðmiðunargengi SÍ;4064;;Evra;Evra, skráð miðgengi.;9/10/2024 12:00:00 AM;152.300000
9;Opinbert viðmiðunargengi SÍ;4064;;Evra;Evra, skráð miðgengi.;9/11/2024 12:00:00 AM;152.700000
9;Opinbert viðmiðunargengi SÍ;4064;;Evra;Evra, skráð miðgengi.;9/12/2024 12:00:00 AM;152.300000
9;Opinbert viðmiðunargengi SÍ;4064;;Evra;Evra, skráð miðgengi.;9/13/2024 12:00:00 AM;152.300000
9;Opinbert viðmiðunargengi SÍ;4064;;Evra;Evra, skráð miðgengi.;9/16/2024 12:00:00 AM;152.300000
9;Opinbert viðmiðunargengi SÍ;4064;;Evra;Evra, skráð miðgengi.;9/17/2024 12:00:00 AM;152.300000
9;Opinbert viðmiðunargengi SÍ;4064;;Evra;Evra, skráð miðgengi.;9/18/2024 12:00:00 AM;152.300000
9;Opinbert viðmiðunargengi SÍ;4064;;Evra;Evra, skráð miðgengi.;9/19/2024 12:00:00 AM;152.500000
9;Opinbert viðmiðunargengi SÍ;4064;;Evra;Evra, skráð miðgengi.;9/20/2024 12:00:00 AM;152.100000
9;Opinbert viðmiðunargengi SÍ;4064;;Evra;Evra, skráð miðgengi.;9/23/2024 12:00:00 AM;151.700000
9;Opinbert viðmiðunargengi SÍ;4064;;Evra;Evra, skráð miðgengi.;9/24/2024 12:00:00 AM;151.700000
9;Opinbert viðmiðunargengi SÍ;4064;;Evra;Evra, skráð miðgengi.;9/25/2024 12:00:00 AM;150.500000
9;Opinbert viðmiðunargengi SÍ;4064;;Evra;Evra, skráð miðgengi.;9/26/2024 12:00:00 AM;150.500000
9;Opinbert viðmiðunargengi SÍ;4064;;Evra;Evra, skráð miðgengi.;9/27/2024 12:00:00 AM;150.700000
9;Opinbert viðmiðunargengi SÍ;4064;;Evra;Evra, skráð miðgengi.;9/30/2024 12:00:00 AM;150.700000
9;Opinbert viðmiðunargengi SÍ;4064;;Evra;Evra, skráð miðgengi.;10/1/2024 12:00:00 AM;149.900000
9;Opinbert viðmiðunargengi SÍ;4064;;Evra;Evra, skráð miðgengi.;10/2/2024 12:00:00 AM;149.700000
9;Opinbert viðmiðunargengi SÍ;4064;;Evra;Evra, skráð miðgengi.;10/3/2024 12:00:00 AM;149.300000
9;Opinbert viðmiðunargengi SÍ;4064;;Evra;Evra, skráð miðgengi.;10/4/2024 12:00:00 AM;149.100000
9;Opinbert viðmiðunargengi SÍ;4064;;Evra;Evra, skráð miðgengi.;10/7/2024 12:00:00 AM;148.500000
9;Opinbert viðmiðunargengi SÍ;4064;;Evra;Evra, skráð miðgengi.;10/8/2024 12:00:00 AM;148.500000
9;Opinbert viðmiðunargengi SÍ;4064;;Evra;Evra, skráð miðgengi.;10/9/2024 12:00:00 AM;148.700000
9;Opinbert viðmiðunargengi SÍ;4064;;Evra;Evra, skráð miðgengi.;10/10/2024 12:00:00 AM;148.500000
9;Opinbert viðmiðunargengi SÍ;4064;;Evra;Evra, skráð miðgengi.;10/11/2024 12:00:00 AM;149.100000
9;Opinbert viðmiðunargengi SÍ;4064;;Evra;Evra, skráð miðgengi.;10/14/2024 12:00:00 AM;149.300000
9;Opinbert viðmiðunargengi SÍ;4064;;Evra;Evra, skráð miðgengi.;10/15/2024 12:00:00 AM;149.300000
9;Opinbert viðmiðunargengi SÍ;4064;;Evra;Evra, skráð miðgengi.;10/16/2024 12:00:00 AM;149.700000
9;Opinbert viðmiðunargengi SÍ;4064;;Evra;Evra, skráð miðgengi.;10/17/2024 12:00:00 AM;149.100000
9;Opinbert viðmiðunargengi SÍ;4064;;Evra;Evra, skráð miðgengi.;10/18/2024 12:00:00 AM;149.300000
9;Opinbert viðmiðunargengi SÍ;4064;;Evra;Evra, skráð miðgengi.;10/21/2024 12:00:00 AM;149.300000
9;Opinbert viðmiðunargengi SÍ;4064;;Evra;Evra, skráð miðgengi.;10/22/2024 12:00:00 AM;149.300000
9;Opinbert viðmiðunargengi SÍ;4064;;Evra;Evra, skráð miðgengi.;10/23/2024 12:00:00 AM;149.300000
9;Opinbert viðmiðunargengi SÍ;4064;;Evra;Evra, skráð miðgengi.;10/24/2024 12:00:00 AM;148.700000
9;Opinbert viðmiðunargengi SÍ;4064;;Evra;Evra, skráð miðgengi.;10/25/2024 12:00:00 AM;149.100000
9;Opinbert viðmiðunargengi SÍ;4064;;Evra;Evra, skráð miðgengi.;10/28/2024 12:00:00 AM;149.100000
9;Opinbert viðmiðunargengi SÍ;4064;;Evra;Evra, skráð miðgengi.;10/29/2024 12:00:00 AM;148.700000
9;Opinbert viðmiðunargengi SÍ;4064;;Evra;Evra, skráð miðgengi.;10/30/2024 12:00:00 AM;148.500000
9;Opinbert viðmiðunargengi SÍ;4064;;Evra;Evra, skráð miðgengi.;10/31/2024 12:00:00 AM;148.900000
9;Opinbert viðmiðunargengi SÍ;4064;;Evra;Evra, skráð miðgengi.;11/1/2024 12:00:00 AM;149.100000
9;Opinbert viðmiðunargengi SÍ;4064;;Evra;Evra, skráð miðgengi.;11/4/2024 12:00:00 AM;148.900000
9;Opinbert viðmiðunargengi SÍ;4064;;Evra;Evra, skráð miðgengi.;11/5/2024 12:00:00 AM;148.900000
9;Opinbert viðmiðunargengi SÍ;4064;;Evra;Evra, skráð miðgengi.;11/6/2024 12:00:00 AM;148.300000
9;Opinbert viðmiðunargengi SÍ;4064;;Evra;Evra, skráð miðgengi.;11/7/2024 12:00:00 AM;148.300000
9;Opinbert viðmiðunargengi SÍ;4064;;Evra;Evra, skráð miðgengi.;11/8/2024 12:00:00 AM;148.700000
9;Opinbert viðmiðunargengi SÍ;4064;;Evra;Evra, skráð miðgengi.;11/11/2024 12:00:00 AM;148.300000
9;Opinbert viðmiðunargengi SÍ;4064;;Evra;Evra, skráð miðgengi.;11/12/2024 12:00:00 AM;147.900000
9;Opinbert viðmiðunargengi SÍ;4064;;Evra;Evra, skráð miðgengi.;11/13/2024 12:00:00 AM;147.900000
9;Opinbert viðmiðunargengi SÍ;4064;;Evra;Evra, skráð miðgengi.;11/14/2024 12:00:00 AM;146.300000
9;Opinbert viðmiðunargengi SÍ;4064;;Evra;Evra, skráð miðgengi.;11/15/2024 12:00:00 AM;145.700000
9;Opinbert viðmiðunargengi SÍ;4064;;Evra;Evra, skráð miðgengi.;11/18/2024 12:00:00 AM;144.300000
9;Opinbert viðmiðunargengi SÍ;4064;;Evra;Evra, skráð miðgengi.;11/19/2024 12:00:00 AM;145.300000
9;Opinbert viðmiðunargengi SÍ;4064;;Evra;Evra, skráð miðgengi.;11/20/2024 12:00:00 AM;145.500000
9;Opinbert viðmiðunargengi SÍ;4064;;Evra;Evra, skráð miðgengi.;11/21/2024 12:00:00 AM;145.900000
9;Opinbert viðmiðunargengi SÍ;4064;;Evra;Evra, skráð miðgengi.;11/22/2024 12:00:00 AM;145.700000
9;Opinbert viðmiðunargengi SÍ;4064;;Evra;Evra, skráð miðgengi.;11/25/2024 12:00:00 AM;145.300000
9;Opinbert viðmiðunargengi SÍ;4064;;Evra;Evra, skráð miðgengi.;11/26/2024 12:00:00 AM;145.300000
9;Opinbert viðmiðunargengi SÍ;4064;;Evra;Evra, skráð miðgengi.;11/27/2024 12:00:00 AM;144.700000
9;Opinbert viðmiðunargengi SÍ;4064;;Evra;Evra, skráð miðgengi.;11/28/2024 12:00:00 AM;145.100000
9;Opinbert viðmiðunargengi SÍ;4064;;Evra;Evra, skráð miðgengi.;11/29/2024 12:00:00 AM;145.700000
9;Opinbert viðmiðunargengi SÍ;4064;;Evra;Evra, skráð miðgengi.;12/2/2024 12:00:00 AM;145.900000
9;Opinbert viðmiðunargengi SÍ;4064;;Evra;Evra, skráð miðgengi.;12/3/2024 12:00:00 AM;145.700000
9;Opinbert viðmiðunargengi SÍ;4064;;Evra;Evra, skráð miðgengi.;12/4/2024 12:00:00 AM;145.300000
9;Opinbert viðmiðunargengi SÍ;4064;;Evra;Evra, skráð miðgengi.;12/5/2024 12:00:00 AM;145.500000
9;Opinbert viðmiðunargengi SÍ;4064;;Evra;Evra, skráð miðgengi.;12/6/2024 12:00:00 AM;145.700000
9;Opinbert viðmiðunargengi SÍ;4064;;Evra;Evra, skráð miðgengi.;12/9/2024 12:00:00 AM;145.900000
9;Opinbert viðmiðunargengi SÍ;4064;;Evra;Evra, skráð miðgengi.;12/10/2024 12:00:00 AM;145.900000
9;Opinbert viðmiðunargengi SÍ;4064;;Evra;Evra, skráð miðgengi.;12/11/2024 12:00:00 AM;145.900000
9;Opinbert viðmiðunargengi SÍ;4064;;Evra;Evra, skráð miðgengi.;12/12/2024 12:00:00 AM;145.900000
9;Opinbert viðmiðunargengi SÍ;4064;;Evra;Evra, skráð miðgengi.;12/13/2024 12:00:00 AM;145.900000
9;Opinbert viðmiðunargengi SÍ;4064;;Evra;Evra, skráð miðgengi.;12/16/2024 12:00:00 AM;145.100000
9;Opinbert viðmiðunargengi SÍ;4064;;Evra;Evra, skráð miðgengi.;12/17/2024 12:00:00 AM;144.700000
9;Opinbert viðmiðunargengi SÍ;4064;;Evra;Evra, skráð miðgengi.;12/18/2024 12:00:00 AM;144.900000
9;Opinbert viðmiðunargengi SÍ;4064;;Evra;Evra, skráð miðgengi.;12/19/2024 12:00:00 AM;144.700000
9;Opinbert viðmiðunargengi SÍ;4064;;Evra;Evra, skráð miðgengi.;12/20/2024 12:00:00 AM;144.700000
9;Opinbert viðmiðunargengi SÍ;4064;;Evra;Evra, skráð miðgengi.;12/23/2024 12:00:00 AM;145.100000
9;Opinbert viðmiðunargengi SÍ;4064;;Evra;Evra, skráð miðgengi.;12/27/2024 12:00:00 AM;145.100000
9;Opinbert viðmiðunargengi SÍ;4064;;Evra;Evra, skráð miðgengi.;12/30/2024 12:00:00 AM;143.900000
9;Opinbert viðmiðunargengi SÍ;4064;;Evra;Evra, skráð miðgengi.;12/31/2024 12:00:00 AM;143.900000
