geo;ar;fravik;adili
AT;1995;-0.000602;1
AT;1996;-0.008591;1
AT;1997;-0.010611;1
AT;1998;-0.023095;1
AT;1999;-0.022172;1
AT;2000;-0.0265;1
AT;2001;-0.007363;1
AT;2002;-0.014038;1
AT;2003;-0.035628;1
AT;2004;-0.036184;1
AT;2005;-0.038291;1
AT;2006;-0.039043;1
AT;2007;-0.041094;1
AT;2008;-0.037897;1
AT;2009;-0.034835;1
AT;2010;-0.034039;1
AT;2011;-0.032338;1
AT;2012;-0.034344;1
AT;2013;-0.031626;1
AT;2014;-0.03376;1
AT;2015;-0.036306;1
AT;2016;-0.039724;1
AT;2017;-0.028191;1
AT;2018;-0.024992;1
AT;2019;-0.027946;1
AT;2020;-0.054864;1
AT;2021;-0.072412;1
AT;2022;-0.072524;1
AT;2023;-0.043193;1
AT;2024;-0.039518;1
BA;2010;-0.128101;0
BA;2011;-0.170366;0
BA;2012;-0.19454;0
BA;2013;-0.182741;0
BA;2014;-0.174241;0
BA;2015;-0.183191;0
BA;2016;-0.181804;0
BA;2017;-0.163983;0
BA;2018;-0.176139;0
BA;2019;-0.1594;0
BA;2020;-0.159861;0
BA;2021;-0.137439;0
BA;2022;-0.134659;0
BA;2023;-0.146294;0
BA;2024;-0.084047;0
BE;1995;-0.049248;1
BE;1996;-0.051869;1
BE;1997;-0.057589;1
BE;1998;-0.037384;1
BE;1999;-0.044371;1
BE;2000;-0.065612;1
BE;2001;-0.077507;1
BE;2002;-0.091561;1
BE;2003;-0.089431;1
BE;2004;-0.085703;1
BE;2005;-0.08038;1
BE;2006;-0.072963;1
BE;2007;-0.067126;1
BE;2008;-0.068085;1
BE;2009;-0.069484;1
BE;2010;-0.069578;1
BE;2011;-0.07451;1
BE;2012;-0.080008;1
BE;2013;-0.083398;1
BE;2014;-0.096553;1
BE;2015;-0.093109;1
BE;2016;-0.084797;1
BE;2017;-0.076085;1
BE;2018;-0.069509;1
BE;2019;-0.080761;1
BE;2020;-0.093705;1
BE;2021;-0.078198;1
BE;2022;-0.075188;1
BE;2023;-0.074917;1
BE;2024;-0.073056;1
BG;1995;-0.091289;0
BG;1996;-0.243766;0
BG;1997;-0.066856;0
BG;1998;-0.054419;0
BG;1999;-0.091917;0
BG;2000;-0.091414;0
BG;2001;-0.000163;0
BG;2002;-0.009648;0
BG;2003;0.0275;0
BG;2004;0.021849;0
BG;2005;0.055747;0
BG;2006;0.090499;0
BG;2007;0.029571;1
BG;2008;0.05864;1
BG;2009;0.070534;1
BG;2010;0.005504;1
BG;2011;-0.077917;1
BG;2012;-0.113897;1
BG;2013;-0.12709;1
BG;2014;-0.158003;1
BG;2015;-0.164534;1
BG;2016;-0.173497;1
BG;2017;-0.179184;1
BG;2018;-0.202996;1
BG;2019;-0.167291;1
BG;2020;-0.17714;1
BG;2021;-0.170214;1
BG;2022;-0.158692;1
BG;2023;-0.157397;1
BG;2024;-0.176371;1
CH;1995;0.086554;0
CH;1996;0.084271;0
CH;1997;0.052507;0
CH;1998;0.066767;0
CH;1999;0.08834;0
CH;2000;0.128408;0
CH;2001;0.109708;0
CH;2002;0.111781;0
CH;2003;0.075467;0
CH;2004;0.068801;0
CH;2005;0.064003;0
CH;2006;0.044516;0
CH;2007;-0.01548;0
CH;2008;-0.009039;0
CH;2009;0.015834;0
CH;2010;0.089422;0
CH;2011;0.16711;0
CH;2012;0.163425;0
CH;2013;0.117491;0
CH;2014;0.112212;0
CH;2015;0.190127;0
CH;2016;0.175899;0
CH;2017;0.168636;0
CH;2018;0.154492;0
CH;2019;0.158642;0
CH;2020;0.185653;0
CH;2021;0.150997;0
CH;2022;0.158698;0
CH;2023;0.177026;0
CH;2024;0.188302;0
CY;1995;0.033204;0
CY;1996;0.008628;0
CY;1997;0.008437;0
CY;1998;0.025739;0
CY;1999;0.017171;0
CY;2000;0.024881;0
CY;2001;0.041395;0
CY;2002;0.038708;0
CY;2003;0.021832;0
CY;2004;0.026884;1
CY;2005;0.019713;1
CY;2006;0.021238;1
CY;2007;-0.016132;1
CY;2008;-0.015084;1
CY;2009;-0.016943;1
CY;2010;0.002353;1
CY;2011;0.000113;1
CY;2012;-0.000881;1
CY;2013;0.021084;1
CY;2014;0.022174;1
CY;2015;0.004363;1
CY;2016;-0.02173;1
CY;2017;-0.019582;1
CY;2018;-0.012924;1
CY;2019;-0.015376;1
CY;2020;-0.034512;1
CY;2021;-0.000755;1
CY;2022;-0.001635;1
CY;2023;-0.010883;1
CY;2024;-0.003899;1
CZ;1995;-0.154974;0
CZ;1996;-0.200587;0
CZ;1997;-0.202404;0
CZ;1998;-0.152913;0
CZ;1999;-0.190209;0
CZ;2000;-0.171377;0
CZ;2001;-0.138871;0
CZ;2002;-0.070967;0
CZ;2003;-0.104083;0
CZ;2004;-0.129148;1
CZ;2005;-0.084379;1
CZ;2006;-0.060655;1
CZ;2007;-0.10178;1
CZ;2008;-0.034802;1
CZ;2009;-0.073417;1
CZ;2010;-0.062148;1
CZ;2011;-0.073854;1
CZ;2012;-0.093275;1
CZ;2013;-0.108538;1
CZ;2014;-0.154103;1
CZ;2015;-0.144999;1
CZ;2016;-0.140967;1
CZ;2017;-0.141991;1
CZ;2018;-0.134413;1
CZ;2019;-0.129675;1
CZ;2020;-0.129234;1
CZ;2021;-0.050987;1
CZ;2022;-0.002602;1
CZ;2023;0.025268;1
CZ;2024;-0.004472;1
DE;1995;0.013805;1
DE;1996;0.003252;1
DE;1997;0.003119;1
DE;1998;0.007579;1
DE;1999;0.000641;1
DE;2000;0.014342;1
DE;2001;0.006723;1
DE;2002;0.012984;1
DE;2003;0.00072;1
DE;2004;-0.008341;1
DE;2005;0.002692;1
DE;2006;0.007854;1
DE;2007;0.003479;1
DE;2008;0.002653;1
DE;2009;0.004932;1
DE;2010;-0.006191;1
DE;2011;-0.027966;1
DE;2012;-0.035991;1
DE;2013;-0.025413;1
DE;2014;-0.039049;1
DE;2015;-0.035714;1
DE;2016;-0.047481;1
DE;2017;-0.056009;1
DE;2018;-0.065705;1
DE;2019;-0.067081;1
DE;2020;-0.076756;1
DE;2021;-0.064649;1
DE;2022;-0.054998;1
DE;2023;-0.04812;1
DE;2024;-0.044671;1
DK;1995;0.250372;1
DK;1996;0.242586;1
DK;1997;0.234076;1
DK;1998;0.21776;1
DK;1999;0.234318;1
DK;2000;0.241487;1
DK;2001;0.260954;1
DK;2002;0.25607;1
DK;2003;0.246252;1
DK;2004;0.221293;1
DK;2005;0.229556;1
DK;2006;0.212361;1
DK;2007;0.185629;1
DK;2008;0.179598;1
DK;2009;0.175502;1
DK;2010;0.170251;1
DK;2011;0.185675;1
DK;2012;0.188472;1
DK;2013;0.182163;1
DK;2014;0.182322;1
DK;2015;0.17343;1
DK;2016;0.18578;1
DK;2017;0.162944;1
DK;2018;0.154089;1
DK;2019;0.156676;1
DK;2020;0.130221;1
DK;2021;0.122778;1
DK;2022;0.181246;1
DK;2023;0.181671;1
DK;2024;0.172271;1
EE;1995;0.049822;0
EE;1996;0.069663;0
EE;1997;0.049872;0
EE;1998;0.087473;0
EE;1999;0.068554;0
EE;2000;0.045;0
EE;2001;0.12552;0
EE;2002;0.087129;0
EE;2003;0.085921;0
EE;2004;0.047249;1
EE;2005;0.06564;1
EE;2006;0.069848;1
EE;2007;0.005304;1
EE;2008;0.013971;1
EE;2009;0.004239;1
EE;2010;-0.024328;1
EE;2011;-0.03775;1
EE;2012;-0.044844;1
EE;2013;-0.027149;1
EE;2014;-0.035016;1
EE;2015;-0.043255;1
EE;2016;-0.046003;1
EE;2017;-0.041647;1
EE;2018;-0.048883;1
EE;2019;-0.038156;1
EE;2020;-0.052568;1
EE;2021;0.001;1
EE;2022;0.079743;1
EE;2023;0.094684;1
EE;2024;0.079477;1
EL;1995;0.044699;1
EL;1996;0.040087;1
EL;1997;0.03449;1
EL;1998;0.026498;1
EL;1999;0.039133;1
EL;2000;0.022002;1
EL;2001;0.000707;1
EL;2002;-0.037408;1
EL;2003;-0.027471;1
EL;2004;-0.021526;1
EL;2005;-0.013689;1
EL;2006;-0.015644;1
EL;2007;-0.006642;1
EL;2008;-0.009058;1
EL;2009;0.000679;1
EL;2010;0.033115;1
EL;2011;0.036849;1
EL;2012;0.03368;1
EL;2013;0.037799;1
EL;2014;0.015289;1
EL;2015;0.016266;1
EL;2016;0.025938;1
EL;2017;0.016629;1
EL;2018;0.02731;1
EL;2019;0.0495;1
EL;2020;0.056341;1
EL;2021;0.074476;1
EL;2022;0.088776;1
EL;2023;0.086769;1
EL;2024;0.089635;1
ES;1995;-0.07899;1
ES;1996;-0.069325;1
ES;1997;-0.085421;1
ES;1998;-0.083973;1
ES;1999;-0.076036;1
ES;2000;-0.070539;1
ES;2001;-0.06932;1
ES;2002;-0.078623;1
ES;2003;-0.059454;1
ES;2004;-0.03974;1
ES;2005;-0.026341;1
ES;2006;-0.026153;1
ES;2007;-0.018615;1
ES;2008;-0.026625;1
ES;2009;-0.025468;1
ES;2010;-0.018811;1
ES;2011;-0.019568;1
ES;2012;-0.02403;1
ES;2013;-0.03282;1
ES;2014;-0.0449;1
ES;2015;-0.058712;1
ES;2016;-0.055643;1
ES;2017;-0.058936;1
ES;2018;-0.044026;1
ES;2019;-0.053048;1
ES;2020;-0.047533;1
ES;2021;-0.071244;1
ES;2022;-0.080865;1
ES;2023;-0.095646;1
ES;2024;-0.093556;1
FI;1995;0.187477;1
FI;1996;0.167705;1
FI;1997;0.173362;1
FI;1998;0.157158;1
FI;1999;0.152111;1
FI;2000;0.156329;1
FI;2001;0.173388;1
FI;2002;0.179367;1
FI;2003;0.172452;1
FI;2004;0.139216;1
FI;2005;0.142421;1
FI;2006;0.127906;1
FI;2007;0.089204;1
FI;2008;0.077597;1
FI;2009;0.080163;1
FI;2010;0.077271;1
FI;2011;0.077541;1
FI;2012;0.087447;1
FI;2013;0.096125;1
FI;2014;0.091484;1
FI;2015;0.086273;1
FI;2016;0.078849;1
FI;2017;0.079981;1
FI;2018;0.089222;1
FI;2019;0.08533;1
FI;2020;0.074768;1
FI;2021;0.076354;1
FI;2022;0.084337;1
FI;2023;0.089388;1
FI;2024;0.098862;1
FR;1995;0.03623;1
FR;1996;0.039776;1
FR;1997;0.028225;1
FR;1998;0.028419;1
FR;1999;0.018961;1
FR;2000;0.00199;1
FR;2001;-0.026886;1
FR;2002;-0.031655;1
FR;2003;-0.009092;1
FR;2004;-0.003823;1
FR;2005;-0.019277;1
FR;2006;-0.01042;1
FR;2007;-0.01068;1
FR;2008;0.002234;1
FR;2009;-0.004659;1
FR;2010;-0.01285;1
FR;2011;-0.020318;1
FR;2012;-0.022744;1
FR;2013;-0.03731;1
FR;2014;-0.040362;1
FR;2015;-0.03234;1
FR;2016;-0.038089;1
FR;2017;-0.033007;1
FR;2018;-0.022348;1
FR;2019;-0.028684;1
FR;2020;-0.027094;1
FR;2021;-0.012527;1
FR;2022;-0.032263;1
FR;2023;-0.021674;1
FR;2024;-0.020139;1
HR;1995;0.052644;0
HR;1996;-0.023476;0
HR;1997;-0.05853;0
HR;1998;-0.056092;0
HR;1999;-0.102497;0
HR;2000;-0.098245;0
HR;2001;-0.026467;0
HR;2002;-0.04935;0
HR;2003;-0.060959;0
HR;2004;-0.06031;0
HR;2005;-0.018812;0
HR;2006;-0.026865;0
HR;2007;-0.065348;0
HR;2008;-0.061183;0
HR;2009;-0.060102;0
HR;2010;-0.073629;0
HR;2011;-0.119547;0
HR;2012;-0.1379;0
HR;2013;-0.132328;1
HR;2014;-0.129883;1
HR;2015;-0.137673;1
HR;2016;-0.133242;1
HR;2017;-0.130747;1
HR;2018;-0.134724;1
HR;2019;-0.112068;1
HR;2020;-0.129052;1
HR;2021;-0.134239;1
HR;2022;-0.117098;1
HR;2023;-0.109112;1
HR;2024;-0.101142;1
HU;1995;-0.135777;0
HU;1996;-0.169558;0
HU;1997;-0.157998;0
HU;1998;-0.153808;0
HU;1999;-0.156641;0
HU;2000;-0.154475;0
HU;2001;-0.096901;0
HU;2002;-0.062904;0
HU;2003;-0.066931;0
HU;2004;-0.063427;1
HU;2005;-0.041477;1
HU;2006;-0.073174;1
HU;2007;-0.041021;1
HU;2008;-0.046468;1
HU;2009;-0.092878;1
HU;2010;-0.09614;1
HU;2011;-0.147707;1
HU;2012;-0.157762;1
HU;2013;-0.150146;1
HU;2014;-0.143782;1
HU;2015;-0.12964;1
HU;2016;-0.118512;1
HU;2017;-0.09254;1
HU;2018;-0.106842;1
HU;2019;-0.085301;1
HU;2020;-0.100341;1
HU;2021;-0.056432;1
HU;2022;-0.074847;1
HU;2023;-0.018496;1
HU;2024;-0.035561;1
IE;1995;0.023547;1
IE;1996;0.027287;1
IE;1997;0.093748;1
IE;1998;0.056882;1
IE;1999;0.085006;1
IE;2000;0.118195;1
IE;2001;0.123387;1
IE;2002;0.164739;1
IE;2003;0.139036;1
IE;2004;0.119385;1
IE;2005;0.10831;1
IE;2006;0.109764;1
IE;2007;0.102914;1
IE;2008;0.117557;1
IE;2009;0.078387;1
IE;2010;0.047512;1
IE;2011;0.045189;1
IE;2012;0.04795;1
IE;2013;0.074719;1
IE;2014;0.10004;1
IE;2015;0.099742;1
IE;2016;0.092453;1
IE;2017;0.107967;1
IE;2018;0.128732;1
IE;2019;0.12704;1
IE;2020;0.149546;1
IE;2021;0.12421;1
IE;2022;0.122649;1
IE;2023;0.129549;1
IE;2024;0.133801;1
IS;1995;0.092719;0
IS;1996;0.081239;0
IS;1997;0.11366;0
IS;1998;0.124284;0
IS;1999;0.120843;0
IS;2000;0.266092;0
IS;2001;0.155644;0
IS;2002;0.190841;0
IS;2003;0.167359;0
IS;2004;0.152016;0
IS;2005;0.222621;0
IS;2006;0.159026;0
IS;2007;0.176044;0
IS;2008;-0.031668;0
IS;2009;0.000207;0
IS;2010;0.071121;0
IS;2011;0.054916;0
IS;2012;0.069376;0
IS;2013;0.09003;0
IS;2014;0.128237;0
IS;2015;0.173681;0
IS;2016;0.285316;0
IS;2017;0.343409;0
IS;2018;0.30724;0
IS;2019;0.261594;0
IS;2020;0.145065;0
IS;2021;0.175246;0
IS;2022;0.216482;0
IS;2023;0.210566;0
IS;2024;0.249125;0
IT;1995;-0.139099;1
IT;1996;-0.089519;1
IT;1997;-0.082058;1
IT;1998;-0.066892;1
IT;1999;-0.067412;1
IT;2000;-0.046064;1
IT;2001;-0.031494;1
IT;2002;-0.007831;1
IT;2003;-0.016442;1
IT;2004;-0.004916;1
IT;2005;0.000156;1
IT;2006;-0.000123;1
IT;2007;-0.007936;1
IT;2008;-0.027626;1
IT;2009;-0.025277;1
IT;2010;-0.041437;1
IT;2011;-0.03071;1
IT;2012;-0.014788;1
IT;2013;-0.005232;1
IT;2014;0.006294;1
IT;2015;0.004047;1
IT;2016;-0.020139;1
IT;2017;-0.021632;1
IT;2018;-0.025642;1
IT;2019;-0.042428;1
IT;2020;-0.035671;1
IT;2021;-0.041696;1
IT;2022;-0.050817;1
IT;2023;-0.051087;1
IT;2024;-0.045225;1
LT;1995;-0.082101;0
LT;1996;-0.109145;0
LT;1997;-0.063732;0
LT;1998;-0.037445;0
LT;1999;-0.061115;0
LT;2000;0.026366;0
LT;2001;0.077235;0
LT;2002;0.058147;0
LT;2003;0.011498;0
LT;2004;-0.03511;1
LT;2005;-0.019001;1
LT;2006;-0.043441;1
LT;2007;-0.078153;1
LT;2008;-0.046118;1
LT;2009;-0.012588;1
LT;2010;-0.045589;1
LT;2011;-0.078152;1
LT;2012;-0.094113;1
LT;2013;-0.099446;1
LT;2014;-0.108111;1
LT;2015;-0.129293;1
LT;2016;-0.130978;1
LT;2017;-0.144613;1
LT;2018;-0.153158;1
LT;2019;-0.159434;1
LT;2020;-0.167063;1
LT;2021;-0.153571;1
LT;2022;-0.089422;1
LT;2023;-0.066244;1
LT;2024;-0.07724;1
LU;1995;-0.042575;1
LU;1996;-0.05199;1
LU;1997;-0.068765;1
LU;1998;-0.074203;1
LU;1999;-0.090129;1
LU;2000;-0.092276;1
LU;2001;-0.093584;1
LU;2002;-0.10569;1
LU;2003;-0.117552;1
LU;2004;-0.095362;1
LU;2005;-0.105696;1
LU;2006;-0.111603;1
LU;2007;-0.08634;1
LU;2008;-0.08638;1
LU;2009;-0.066766;1
LU;2010;-0.046859;1
LU;2011;-0.043721;1
LU;2012;-0.039749;1
LU;2013;-0.04424;1
LU;2014;-0.042655;1
LU;2015;-0.046172;1
LU;2016;-0.038485;1
LU;2017;-0.034386;1
LU;2018;-0.047729;1
LU;2019;-0.027499;1
LU;2020;0.001691;1
LU;2021;0.006531;1
LU;2022;-0.008585;1
LU;2023;-0.030046;1
LU;2024;-0.029438;1
LV;1995;0.028937;0
LV;1996;-0.028641;0
LV;1997;0.027469;0
LV;1998;0.06455;0
LV;1999;0.061461;0
LV;2000;0.11605;0
LV;2001;0.149233;0
LV;2002;0.146695;0
LV;2003;0.131908;0
LV;2004;0.092221;1
LV;2005;0.08198;1
LV;2006;0.103673;1
LV;2007;0.048799;1
LV;2008;0.083841;1
LV;2009;0.094508;1
LV;2010;0.0384;1
LV;2011;0.036831;1
LV;2012;0.018577;1
LV;2013;0.006509;1
LV;2014;0.002966;1
LV;2015;-0.02745;1
LV;2016;-0.029706;1
LV;2017;-0.046055;1
LV;2018;-0.051466;1
LV;2019;-0.033708;1
LV;2020;-0.048231;1
LV;2021;-0.081041;1
LV;2022;-0.043124;1
LV;2023;-0.016998;1
LV;2024;-0.038017;1
ME;2006;0.080857;0
ME;2007;-0.006651;0
ME;2008;0.010253;0
ME;2009;0.0019;0
ME;2010;-0.087709;0
ME;2011;-0.136882;0
ME;2012;-0.117119;0
ME;2013;-0.060046;0
ME;2014;-0.08513;0
ME;2015;-0.10718;0
ME;2016;-0.127893;0
ME;2017;-0.126674;0
ME;2018;-0.136412;0
ME;2019;-0.118456;0
ME;2020;-0.117416;0
ME;2021;-0.082272;0
ME;2022;-0.024576;0
ME;2023;-0.027277;0
ME;2024;-0.018123;0
MT;1995;-0.10823;0
MT;1996;-0.144907;0
MT;1997;-0.101697;0
MT;1998;-0.07534;0
MT;1999;-0.070832;0
MT;2000;-0.02366;0
MT;2001;-0.003737;0
MT;2002;1.9e-05;0
MT;2003;-0.053402;0
MT;2004;-0.060135;1
MT;2005;-0.043953;1
MT;2006;-0.019262;1
MT;2007;-0.047411;1
MT;2008;-0.036106;1
MT;2009;-0.032002;1
MT;2010;-0.062796;1
MT;2011;-0.075307;1
MT;2012;-0.080442;1
MT;2013;-0.047098;1
MT;2014;-0.05199;1
MT;2015;-0.065642;1
MT;2016;-0.070763;1
MT;2017;-0.061224;1
MT;2018;-0.081052;1
MT;2019;-0.082667;1
MT;2020;-0.064918;1
MT;2021;-0.034693;1
MT;2022;-0.033367;1
MT;2023;-0.02662;1
MT;2024;-0.027148;1
NL;1995;-0.020037;1
NL;1996;-0.031682;1
NL;1997;-0.034632;1
NL;1998;-0.038797;1
NL;1999;-0.036386;1
NL;2000;-0.053897;1
NL;2001;-0.043548;1
NL;2002;-0.046333;1
NL;2003;-0.029375;1
NL;2004;-0.049576;1
NL;2005;-0.048957;1
NL;2006;-0.048109;1
NL;2007;-0.063507;1
NL;2008;-0.063874;1
NL;2009;-0.051186;1
NL;2010;-0.030768;1
NL;2011;-0.02274;1
NL;2012;-0.024329;1
NL;2013;-0.020913;1
NL;2014;-0.013237;1
NL;2015;-0.007355;1
NL;2016;-0.00506;1
NL;2017;-0.009888;1
NL;2018;-0.013136;1
NL;2019;-0.00336;1
NL;2020;-0.033872;1
NL;2021;-0.029677;1
NL;2022;-0.035187;1
NL;2023;-0.008666;1
NL;2024;-0.019712;1
NO;1995;0.206016;0
NO;1996;0.184797;0
NO;1997;0.226482;0
NO;1998;0.189737;0
NO;1999;0.203938;0
NO;2000;0.240865;0
NO;2001;0.237172;0
NO;2002;0.277521;0
NO;2003;0.220032;0
NO;2004;0.174692;0
NO;2005;0.194687;0
NO;2006;0.177363;0
NO;2007;0.140494;0
NO;2008;0.135765;0
NO;2009;0.10526;0
NO;2010;0.184074;0
NO;2011;0.21889;0
NO;2012;0.241125;0
NO;2013;0.201127;0
NO;2014;0.148898;0
NO;2015;0.169468;0
NO;2016;0.174089;0
NO;2017;0.144605;0
NO;2018;0.135185;0
NO;2019;0.113254;0
NO;2020;0.063645;0
NO;2021;0.083987;0
NO;2022;0.082857;0
NO;2023;0.00208;0
NO;2024;0.009788;0
PL;1995;-0.077025;0
PL;1996;-0.112234;0
PL;1997;-0.118805;0
PL;1998;-0.092856;0
PL;1999;-0.1499;0
PL;2000;-0.081195;0
PL;2001;-0.002344;0
PL;2002;-0.036855;0
PL;2003;-0.092426;0
PL;2004;-0.107632;1
PL;2005;0.011866;1
PL;2006;0.014752;1
PL;2007;-0.047675;1
PL;2008;-0.011658;1
PL;2009;-0.118417;1
PL;2010;-0.136896;1
PL;2011;-0.193751;1
PL;2012;-0.219568;1
PL;2013;-0.208274;1
PL;2014;-0.198142;1
PL;2015;-0.208556;1
PL;2016;-0.229151;1
PL;2017;-0.210734;1
PL;2018;-0.224217;1
PL;2019;-0.213682;1
PL;2020;-0.238675;1
PL;2021;-0.195771;1
PL;2022;-0.193196;1
PL;2023;-0.146112;1
PL;2024;-0.129479;1
PT;1995;0.00659;1
PT;1996;-0.020973;1
PT;1997;-0.023786;1
PT;1998;-0.002346;1
PT;1999;-0.02385;1
PT;2000;-0.025301;1
PT;2001;-0.001073;1
PT;2002;0.022068;1
PT;2003;0.012454;1
PT;2004;0.007452;1
PT;2005;-0.006669;1
PT;2006;-0.008237;1
PT;2007;-0.002145;1
PT;2008;0.009807;1
PT;2009;0.006991;1
PT;2010;-0.004391;1
PT;2011;-0.005695;1
PT;2012;-0.005152;1
PT;2013;-0.020449;1
PT;2014;0.00115;1
PT;2015;0.006977;1
PT;2016;0.013659;1
PT;2017;0.028298;1
PT;2018;0.004397;1
PT;2019;-0.001597;1
PT;2020;0.006944;1
PT;2021;-0.003733;1
PT;2022;-0.018689;1
PT;2023;-0.030208;1
PT;2024;-0.033585;1
RO;1995;0.02509;0
RO;1996;-0.095039;0
RO;1997;0.00746;0
RO;1998;0.034483;0
RO;1999;-0.072093;0
RO;2000;-0.048026;0
RO;2001;-0.047625;0
RO;2002;-0.016496;0
RO;2003;0.011566;0
RO;2004;-0.051871;0
RO;2005;0.085337;0
RO;2006;0.086695;0
RO;2007;0.101484;1
RO;2008;-0.012379;1
RO;2009;-0.04986;1
RO;2010;-0.083263;1
RO;2011;-0.114556;1
RO;2012;-0.148681;1
RO;2013;-0.111067;1
RO;2014;-0.113181;1
RO;2015;-0.113719;1
RO;2016;-0.168979;1
RO;2017;-0.191263;1
RO;2018;-0.212569;1
RO;2019;-0.215857;1
RO;2020;-0.234062;1
RO;2021;-0.20682;1
RO;2022;-0.175445;1
RO;2023;-0.192833;1
RO;2024;-0.191122;1
RS;2000;-0.482774;0
RS;2001;0.279241;0
RS;2002;0.237775;0
RS;2003;0.229654;0
RS;2004;0.117308;0
RS;2005;0.095196;0
RS;2006;0.062604;0
RS;2007;0.016298;0
RS;2008;0.002012;0
RS;2009;-0.041543;0
RS;2010;-0.086704;0
RS;2011;-0.102001;0
RS;2012;-0.16198;0
RS;2013;-0.103135;0
RS;2014;-0.108957;0
RS;2015;-0.115105;0
RS;2016;-0.109754;0
RS;2017;-0.088339;0
RS;2018;-0.093071;0
RS;2019;-0.076275;0
RS;2020;-0.086413;0
RS;2021;-0.060061;0
RS;2022;-0.033492;0
RS;2023;-0.016713;0
RS;2024;-0.019907;0
SE;1995;0.175875;1
SE;1996;0.204494;1
SE;1997;0.194576;1
SE;1998;0.195136;1
SE;1999;0.180716;1
SE;2000;0.181355;1
SE;2001;0.12876;1
SE;2002;0.147448;1
SE;2003;0.151366;1
SE;2004;0.123946;1
SE;2005;0.111667;1
SE;2006;0.094067;1
SE;2007;0.056432;1
SE;2008;0.02617;1
SE;2009;-0.010123;1
SE;2010;0.070663;1
SE;2011;0.101054;1
SE;2012;0.110088;1
SE;2013;0.140698;1
SE;2014;0.107157;1
SE;2015;0.097374;1
SE;2016;0.111531;1
SE;2017;0.122475;1
SE;2018;0.088664;1
SE;2019;0.071783;1
SE;2020;0.062789;1
SE;2021;0.085625;1
SE;2022;0.062188;1
SE;2023;0.030069;1
SE;2024;0.040979;1
SI;1995;-0.02227;0
SI;1996;-0.069428;0
SI;1997;-0.073286;0
SI;1998;-0.05053;0
SI;1999;-0.065259;0
SI;2000;-0.074912;0
SI;2001;-0.059863;0
SI;2002;-0.056411;0
SI;2003;-0.055976;0
SI;2004;-0.07952;1
SI;2005;-0.071162;1
SI;2006;-0.071173;1
SI;2007;-0.076049;1
SI;2008;-0.072429;1
SI;2009;-0.031058;1
SI;2010;-0.051294;1
SI;2011;-0.07644;1
SI;2012;-0.079464;1
SI;2013;-0.070419;1
SI;2014;-0.065308;1
SI;2015;-0.067319;1
SI;2016;-0.068616;1
SI;2017;-0.078837;1
SI;2018;-0.083499;1
SI;2019;-0.092857;1
SI;2020;-0.110889;1
SI;2021;-0.113631;1
SI;2022;-0.101596;1
SI;2023;-0.095832;1
SI;2024;-0.090353;1
SK;1995;-0.103903;0
SK;1996;-0.178391;0
SK;1997;-0.199551;0
SK;1998;-0.191598;0
SK;1999;-0.217928;0
SK;2000;-0.182401;0
SK;2001;-0.16295;0
SK;2002;-0.161991;0
SK;2003;-0.071253;0
SK;2004;-0.048303;1
SK;2005;-0.040313;1
SK;2006;-0.02778;1
SK;2007;-0.030545;1
SK;2008;-0.005241;1
SK;2009;0.003261;1
SK;2010;-0.058247;1
SK;2011;-0.078221;1
SK;2012;-0.083012;1
SK;2013;-0.088672;1
SK;2014;-0.090465;1
SK;2015;-0.095508;1
SK;2016;-0.007836;1
SK;2017;0.032962;1
SK;2018;0.034836;1
SK;2019;0.050085;1
SK;2020;-0.01072;1
SK;2021;-0.011045;1
SK;2022;0.019358;1
SK;2023;-0.00572;1
SK;2024;-0.00293;1
