rod;geo;land;flokkur;heiti;birt;nuverandi_endurgerd;nuverandi_namundad;lokaendurgerd;lokaendurgerd_namundad;fravik_nuverandi;fravik_lokaendurgerd;status
1;LU;Lúxemborg;A01;Einstaklingsbundin neysla;64;64.025028;64;64.025028;64;0.025028;0.025028;SAMHLJÓÐA
1;LU;Lúxemborg;A0101;Matur og óáfengir drykkir;53;53.021390;53;53.021390;53;0.021390;0.021390;SAMHLJÓÐA
1;LU;Lúxemborg;A0103;Föt og skór;46;46.351231;46;46.351231;46;0.351231;0.351231;SAMHLJÓÐA
1;LU;Lúxemborg;A010405;Rafmagn, gas og annað eldsneyti;32;32.203697;32;32.203697;32;0.203697;0.203697;SAMHLJÓÐA
1;LU;Lúxemborg;A010703;Flutningaþjónusta;42;41.805327;42;41.805327;42;-0.194673;-0.194673;SAMHLJÓÐA
1;LU;Lúxemborg;A0111;Veitingastaðir og hótel;53;52.511569;53;52.511569;53;-0.488431;-0.488431;SAMHLJÓÐA
2;NO;Noregur;A01;Einstaklingsbundin neysla;72;71.580585;72;71.580585;72;-0.419415;-0.419415;SAMHLJÓÐA
2;NO;Noregur;A0101;Matur og óáfengir drykkir;70;70.032608;70;70.032608;70;0.032608;0.032608;SAMHLJÓÐA
2;NO;Noregur;A0103;Föt og skór;63;62.773130;63;62.773130;63;-0.226870;-0.226870;SAMHLJÓÐA
2;NO;Noregur;A010405;Rafmagn, gas og annað eldsneyti;29;29.037911;29;29.037911;29;0.037911;0.037911;SAMHLJÓÐA
2;NO;Noregur;A010703;Flutningaþjónusta;86;86.259676;86;86.259676;86;0.259676;0.259676;SAMHLJÓÐA
2;NO;Noregur;A0111;Veitingastaðir og hótel;75;74.729917;75;74.729917;75;-0.270083;-0.270083;SAMHLJÓÐA
3;IS;Ísland;A01;Einstaklingsbundin neysla;72;71.849795;72;71.849795;72;-0.150205;-0.150205;SAMHLJÓÐA
3;IS;Ísland;A0101;Matur og óáfengir drykkir;60;59.867896;60;59.867896;60;-0.132104;-0.132104;SAMHLJÓÐA
3;IS;Ísland;A0103;Föt og skór;60;59.659876;60;59.659876;60;-0.340124;-0.340124;SAMHLJÓÐA
3;IS;Ísland;A010405;Rafmagn, gas og annað eldsneyti;27;26.709652;27;26.709652;27;-0.290348;-0.290348;SAMHLJÓÐA
3;IS;Ísland;A010703;Flutningaþjónusta;71;70.560077;71;70.560077;71;-0.439923;-0.439923;SAMHLJÓÐA
3;IS;Ísland;A0111;Veitingastaðir og hótel;70;69.603189;70;69.603189;70;-0.396811;-0.396811;SAMHLJÓÐA
4;AT;Austurríki;A01;Einstaklingsbundin neysla;78;77.788780;78;77.788780;78;-0.211220;-0.211220;SAMHLJÓÐA
4;AT;Austurríki;A0101;Matur og óáfengir drykkir;72;71.810027;72;71.810027;72;-0.189973;-0.189973;SAMHLJÓÐA
4;AT;Austurríki;A0103;Föt og skór;69;68.690678;69;68.690678;69;-0.309322;-0.309322;SAMHLJÓÐA
4;AT;Austurríki;A010405;Rafmagn, gas og annað eldsneyti;69;69.275556;69;69.275556;69;0.275556;0.275556;SAMHLJÓÐA
4;AT;Austurríki;A010703;Flutningaþjónusta;77;76.813984;77;76.813984;77;-0.186016;-0.186016;SAMHLJÓÐA
4;AT;Austurríki;A0111;Veitingastaðir og hótel;71;71.485095;71;71.485095;71;0.485095;0.485095;SAMHLJÓÐA
5;NL;Holland;A01;Einstaklingsbundin neysla;82;81.655420;82;81.655420;82;-0.344580;-0.344580;SAMHLJÓÐA
5;NL;Holland;A0101;Matur og óáfengir drykkir;67;66.741497;67;66.741497;67;-0.258503;-0.258503;SAMHLJÓÐA
5;NL;Holland;A0103;Föt og skór;63;62.759951;63;62.759951;63;-0.240049;-0.240049;SAMHLJÓÐA
5;NL;Holland;A010405;Rafmagn, gas og annað eldsneyti;75;74.569619;75;74.569619;75;-0.430381;-0.430381;SAMHLJÓÐA
5;NL;Holland;A010703;Flutningaþjónusta;80;79.900841;80;79.900841;80;-0.099159;-0.099159;SAMHLJÓÐA
5;NL;Holland;A0111;Veitingastaðir og hótel;84;84.084838;84;84.084838;84;0.084838;0.084838;SAMHLJÓÐA
6;DE;Þýskaland;A01;Einstaklingsbundin neysla;85;85.252768;85;85.252768;85;0.252768;0.252768;SAMHLJÓÐA
6;DE;Þýskaland;A0101;Matur og óáfengir drykkir;80;80.251689;80;80.251689;80;0.251689;0.251689;SAMHLJÓÐA
6;DE;Þýskaland;A0103;Föt og skór;79;79.079561;79;79.079561;79;0.079561;0.079561;SAMHLJÓÐA
6;DE;Þýskaland;A010405;Rafmagn, gas og annað eldsneyti;95;95.411210;95;95.411210;95;0.411210;0.411210;SAMHLJÓÐA
6;DE;Þýskaland;A010703;Flutningaþjónusta;93;92.754386;93;92.754386;93;-0.245614;-0.245614;SAMHLJÓÐA
6;DE;Þýskaland;A0111;Veitingastaðir og hótel;88;87.597024;88;87.597024;88;-0.402976;-0.402976;SAMHLJÓÐA
7;DK;Danmörk;A01;Einstaklingsbundin neysla;88;88.451327;88;88.451327;88;0.451327;0.451327;SAMHLJÓÐA
7;DK;Danmörk;A0101;Matur og óáfengir drykkir;74;74.452728;74;74.452728;74;0.452728;0.452728;SAMHLJÓÐA
7;DK;Danmörk;A0103;Föt og skór;82;82.195316;82;82.195316;82;0.195316;0.195316;SAMHLJÓÐA
7;DK;Danmörk;A010405;Rafmagn, gas og annað eldsneyti;71;71.107930;71;71.107930;71;0.107930;0.107930;SAMHLJÓÐA
7;DK;Danmörk;A010703;Flutningaþjónusta;99;99.043188;99;99.043188;99;0.043188;0.043188;SAMHLJÓÐA
7;DK;Danmörk;A0111;Veitingastaðir og hótel;91;91.424481;91;91.424481;91;0.424481;0.424481;SAMHLJÓÐA
8;FR;Frakkland;A01;Einstaklingsbundin neysla;91;91.117807;91;91.117807;91;0.117807;0.117807;SAMHLJÓÐA
8;FR;Frakkland;A0101;Matur og óáfengir drykkir;93;92.975631;93;92.975631;93;-0.024369;-0.024369;SAMHLJÓÐA
8;FR;Frakkland;A0103;Föt og skór;83;82.588708;83;82.588708;83;-0.411292;-0.411292;SAMHLJÓÐA
8;FR;Frakkland;A010405;Rafmagn, gas og annað eldsneyti;86;85.797676;86;85.797676;86;-0.202324;-0.202324;SAMHLJÓÐA
8;FR;Frakkland;A010703;Flutningaþjónusta;98;98.211316;98;98.211316;98;0.211316;0.211316;SAMHLJÓÐA
8;FR;Frakkland;A0111;Veitingastaðir og hótel;93;92.891184;93;92.891184;93;-0.108816;-0.108816;SAMHLJÓÐA
9;IE;Írland;A01;Einstaklingsbundin neysla;92;92.308436;92;92.308436;92;0.308436;0.308436;SAMHLJÓÐA
9;IE;Írland;A0101;Matur og óáfengir drykkir;75;74.853512;75;74.853512;75;-0.146488;-0.146488;SAMHLJÓÐA
9;IE;Írland;A0103;Föt og skór;66;65.504995;66;65.504995;66;-0.495005;-0.495005;SAMHLJÓÐA
9;IE;Írland;A010405;Rafmagn, gas og annað eldsneyti;77;76.749365;77;76.749365;77;-0.250635;-0.250635;SAMHLJÓÐA
9;IE;Írland;A010703;Flutningaþjónusta;75;75.245758;75;75.245758;75;0.245758;0.245758;SAMHLJÓÐA
9;IE;Írland;A0111;Veitingastaðir og hótel;85;84.528901;85;84.528901;85;-0.471099;-0.471099;SAMHLJÓÐA
10;FI;Finnland;A01;Einstaklingsbundin neysla;96;95.675963;96;95.675963;96;-0.324037;-0.324037;SAMHLJÓÐA
10;FI;Finnland;A0101;Matur og óáfengir drykkir;83;82.588213;83;82.588213;83;-0.411787;-0.411787;SAMHLJÓÐA
10;FI;Finnland;A0103;Föt og skór;91;90.786861;91;90.786861;91;-0.213139;-0.213139;SAMHLJÓÐA
10;FI;Finnland;A010405;Rafmagn, gas og annað eldsneyti;67;67.394389;67;67.394389;67;0.394389;0.394389;SAMHLJÓÐA
10;FI;Finnland;A010703;Flutningaþjónusta;106;106.206336;106;106.206336;106;0.206336;0.206336;SAMHLJÓÐA
10;FI;Finnland;A0111;Veitingastaðir og hótel;95;95.375095;95;95.375095;95;0.375095;0.375095;SAMHLJÓÐA
11;SE;Svíþjóð;A01;Einstaklingsbundin neysla;99;98.628497;99;98.628497;99;-0.371503;-0.371503;SAMHLJÓÐA
11;SE;Svíþjóð;A0101;Matur og óáfengir drykkir;85;85.317659;85;85.317659;85;0.317659;0.317659;SAMHLJÓÐA
11;SE;Svíþjóð;A0103;Föt og skór;97;96.704039;97;96.704039;97;-0.295961;-0.295961;SAMHLJÓÐA
11;SE;Svíþjóð;A010405;Rafmagn, gas og annað eldsneyti;78;77.940568;78;77.940568;78;-0.059432;-0.059432;SAMHLJÓÐA
11;SE;Svíþjóð;A010703;Flutningaþjónusta;116;115.547695;116;115.547695;116;-0.452305;-0.452305;SAMHLJÓÐA
11;SE;Svíþjóð;A0111;Veitingastaðir og hótel;94;93.576794;94;93.576794;94;-0.423206;-0.423206;SAMHLJÓÐA
12;EU27_2020;ESB;A01;Einstaklingsbundin neysla;100;100.000000;100;100.000000;100;0.000000;0.000000;SAMHLJÓÐA
12;EU27_2020;ESB;A0101;Matur og óáfengir drykkir;100;100.000000;100;100.000000;100;0.000000;0.000000;SAMHLJÓÐA
12;EU27_2020;ESB;A0103;Föt og skór;100;100.000000;100;100.000000;100;0.000000;0.000000;SAMHLJÓÐA
12;EU27_2020;ESB;A010405;Rafmagn, gas og annað eldsneyti;100;100.000000;100;100.000000;100;0.000000;0.000000;SAMHLJÓÐA
12;EU27_2020;ESB;A010703;Flutningaþjónusta;100;100.000000;100;100.000000;100;0.000000;0.000000;SAMHLJÓÐA
12;EU27_2020;ESB;A0111;Veitingastaðir og hótel;100;100.000000;100;100.000000;100;0.000000;0.000000;SAMHLJÓÐA
13;ES;Spánn;A01;Einstaklingsbundin neysla;101;101.387445;101;101.387445;101;0.387445;0.387445;SAMHLJÓÐA
13;ES;Spánn;A0101;Matur og óáfengir drykkir;106;106.417693;106;106.417693;106;0.417693;0.417693;SAMHLJÓÐA
13;ES;Spánn;A0103;Föt og skór;102;101.611012;102;101.611012;102;-0.388988;-0.388988;SAMHLJÓÐA
13;ES;Spánn;A010405;Rafmagn, gas og annað eldsneyti;99;99.487129;99;99.487129;99;0.487129;0.487129;SAMHLJÓÐA
13;ES;Spánn;A010703;Flutningaþjónusta;91;91.103382;91;91.103382;91;0.103382;0.103382;SAMHLJÓÐA
13;ES;Spánn;A0111;Veitingastaðir og hótel;94;93.786181;94;93.786181;94;-0.213819;-0.213819;SAMHLJÓÐA
14;IT;Ítalía;A01;Einstaklingsbundin neysla;103;102.751478;103;102.751478;103;-0.248522;-0.248522;SAMHLJÓÐA
14;IT;Ítalía;A0101;Matur og óáfengir drykkir;107;106.522174;107;106.522174;107;-0.477826;-0.477826;SAMHLJÓÐA
14;IT;Ítalía;A0103;Föt og skór;112;111.968736;112;111.968736;112;-0.031264;-0.031264;SAMHLJÓÐA
14;IT;Ítalía;A010405;Rafmagn, gas og annað eldsneyti;123;123.490308;123;123.490308;123;0.490308;0.490308;SAMHLJÓÐA
14;IT;Ítalía;A010703;Flutningaþjónusta;89;88.820849;89;88.820849;89;-0.179151;-0.179151;SAMHLJÓÐA
14;IT;Ítalía;A0111;Veitingastaðir og hótel;112;111.968736;112;111.968736;112;-0.031264;-0.031264;SAMHLJÓÐA
15;PL;Pólland;A01;Einstaklingsbundin neysla;127;127.091385;127;127.091385;127;0.091385;0.091385;SAMHLJÓÐA
15;PL;Pólland;A0101;Matur og óáfengir drykkir;157;157.144334;157;157.144334;157;0.144334;0.144334;SAMHLJÓÐA
15;PL;Pólland;A0103;Föt og skór;187;186.654157;187;186.654157;187;-0.345843;-0.345843;SAMHLJÓÐA
15;PL;Pólland;A010405;Rafmagn, gas og annað eldsneyti;152;151.713078;152;151.713078;152;-0.286922;-0.286922;SAMHLJÓÐA
15;PL;Pólland;A010703;Flutningaþjónusta;124;124.375757;124;124.375757;124;0.375757;0.375757;SAMHLJÓÐA
15;PL;Pólland;A0111;Veitingastaðir og hótel;166;166.015385;166;166.015385;166;0.015385;0.015385;SAMHLJÓÐA
16;LV;Lettland;A01;Einstaklingsbundin neysla;130;129.953233;130;129.953233;130;-0.046767;-0.046767;SAMHLJÓÐA
16;LV;Lettland;A0101;Matur og óáfengir drykkir;177;177.423196;177;177.423196;177;0.423196;0.423196;SAMHLJÓÐA
16;LV;Lettland;A0103;Föt og skór;172;172.036534;172;172.036534;172;0.036534;0.036534;SAMHLJÓÐA
16;LV;Lettland;A010405;Rafmagn, gas og annað eldsneyti;152;152.341549;152;152.341549;152;0.341549;0.341549;SAMHLJÓÐA
16;LV;Lettland;A010703;Flutningaþjónusta;120;120.358240;120;120.358240;120;0.358240;0.358240;SAMHLJÓÐA
16;LV;Lettland;A0111;Veitingastaðir og hótel;153;153.014882;153;153.014882;153;0.014882;0.014882;SAMHLJÓÐA
17;EL;Grikkland;A01;Einstaklingsbundin neysla;165;165.097327;165;165.097327;165;0.097327;0.097327;SAMHLJÓÐA
17;EL;Grikkland;A0101;Matur og óáfengir drykkir;210;210.449364;210;210.449364;210;0.449364;0.449364;SAMHLJÓÐA
17;EL;Grikkland;A0103;Föt og skór;179;179.220111;179;179.220111;179;0.220111;0.220111;SAMHLJÓÐA
17;EL;Grikkland;A010405;Rafmagn, gas og annað eldsneyti;176;175.639687;176;175.639687;176;-0.360313;-0.360313;SAMHLJÓÐA
17;EL;Grikkland;A010703;Flutningaþjónusta;178;178.026636;178;178.026636;178;0.026636;0.026636;SAMHLJÓÐA
17;EL;Grikkland;A0111;Veitingastaðir og hótel;172;171.860350;172;171.860350;172;-0.139650;-0.139650;SAMHLJÓÐA
18;HU;Ungverjaland;A01;Einstaklingsbundin neysla;167;173.662889;174;167.220715;167;6.662889;0.220715;AFLEIDD GAGNAÚTGÁFA
18;HU;Ungverjaland;A0101;Matur og óáfengir drykkir;232;241.043073;241;232.101373;232;9.043073;0.101373;AFLEIDD GAGNAÚTGÁFA
18;HU;Ungverjaland;A0103;Föt og skór;212;220.193355;220;212.025094;212;8.193355;0.025094;AFLEIDD GAGNAÚTGÁFA
18;HU;Ungverjaland;A010405;Rafmagn, gas og annað eldsneyti;93;96.366376;96;92.791583;93;3.366376;-0.208417;AFLEIDD GAGNAÚTGÁFA
18;HU;Ungverjaland;A010703;Flutningaþjónusta;151;156.627144;157;150.816926;151;5.627144;-0.183074;AFLEIDD GAGNAÚTGÁFA
18;HU;Ungverjaland;A0111;Veitingastaðir og hótel;176;182.562158;183;175.789858;176;6.562158;-0.210142;AFLEIDD GAGNAÚTGÁFA
19;SK;Slóvakía;A01;Einstaklingsbundin neysla;172;172.087327;172;172.087327;172;0.087327;0.087327;SAMHLJÓÐA
19;SK;Slóvakía;A0101;Matur og óáfengir drykkir;177;176.967732;177;176.967732;177;-0.032268;-0.032268;SAMHLJÓÐA
19;SK;Slóvakía;A0103;Föt og skór;206;206.250162;206;206.250162;206;0.250162;0.250162;SAMHLJÓÐA
19;SK;Slóvakía;A010405;Rafmagn, gas og annað eldsneyti;147;147.473110;147;147.473110;147;0.473110;0.473110;SAMHLJÓÐA
19;SK;Slóvakía;A010703;Flutningaþjónusta;193;193.094288;193;193.094288;193;0.094288;0.094288;SAMHLJÓÐA
19;SK;Slóvakía;A0111;Veitingastaðir og hótel;194;193.730862;194;193.730862;194;-0.269138;-0.269138;SAMHLJÓÐA
